Workbook

Sheet Executive Summary
A1: AWS 3-Tier Cost Estimation Summary — All 4 Internship Projects
A2: Primary Baseline: Current Deployed Architecture (Cognito Essentials) | Standard 30-Day Operational Month
A4: Project Name | B4: Repository / Service | C4: Tier 1: Dev / Low | D4: Tier 2: Moderate / Team | E4: Tier 3: High Scale | F4: Primary Cost Driver | G4: Architecture Profile
A5: Project 1: AWS Cloud Security Analyzer (docvault) | B5: employee-document-vault | C5: ='Project 1 - CloudGuard'!E19 | D5: ='Project 1 - CloudGuard'!F19 | E5: ='Project 1 - CloudGuard'!G19 | F5: Fixed KMS CMK ($1.00) at low scale; S3 Storage & CloudWatch at scale | G5: REST API + S3 Secure Vault + DynamoDB + KMS
A6: Project 2: Smart Employee Onboarding (VEYRA) | B6: smart-employee-onboarding | C6: ='Project 2 - VEYRA'!E21 | D6: ='Project 2 - VEYRA'!F21 | E6: ='Project 2 - VEYRA'!G21 | F6: Cognito Essentials MAU ($2,100.00) & Step Functions transitions ($37.50) at scale | G6: REST API + Step Functions + Lambda + DynamoDB + SES
A7: Project 3: Smart Leave & Absence Management | B7: smart-leave-management | C7: ='Project 3 - Smart Leave'!E21 | D7: ='Project 3 - Smart Leave'!F21 | E7: ='Project 3 - Smart Leave'!G21 | F7: Secrets Manager fixed fee ($0.40) at low scale; CloudWatch & SES at scale | G7: HTTP API ($1/M) + Secrets Manager + Step Functions + SES
A8: Project 4: AI-Powered Resume Screener | B8: resume-screener | C8: ='Project 4 - Resume Screener'!E22 | D8: ='Project 4 - Resume Screener'!F22 | E8: ='Project 4 - Resume Screener'!G22 | F8: Lambda Container Compute (1536MB OCR/NLP: $11.06) & CloudWatch Logs | G8: REST API + Container Lambda + SQS + DynamoDB + CloudFront
A9: Portfolio Monthly Total (Current Deployed Baseline — Cognito Essentials) | B9: All 4 Projects Combined (Reflects Active Deployed Essentials Tier) | C9: =SUM(C5:C8) | D9: =SUM(D5:D8) | E9: =SUM(E5:E8)
A10: Portfolio Monthly Total (Cost-Optimized Alternative — Cognito Lite) | B10: Reflects Project 2 optimization scenario with Cognito Lite tier | C10: =C9 | D10: =D5+'Project 2 - VEYRA'!F26+D7+D8 | E10: =E5+'Project 2 - VEYRA'!G26+E7+E8
A12: Key Architectural Baseline Disclosures & Notes:
A13: 1. Active Cognito Deployed Baseline: Project 2 currently uses Cognito ESSENTIALS. The LITE figures are an architectural cost-optimization scenario, not the current deployed configuration.
A14: 2. Current Deployed Baseline: Project 2 Tier 2 ($99.63) and Tier 3 ($2,315.90) reflect the live deployed Essentials tier ($0.015/MAU after 10,000 free MAUs), yielding a portfolio total of $120.55 at Tier 2 and $2,521.99 at Tier 3.
A15: 3. Cost-Optimized Alternative: Under an optimization scenario configuring Cognito UserPoolTier to Lite with 50k grandfathered free MAUs, Project 2 Tier 2 drops to $24.63 and Tier 3 drops to $765.90 (Portfolio Tier 2: $45.55 | Tier 3: $971.99).
A16: 4. Gross List-Price Policy: All calculations reflect gross list prices before account-level free-tier allowances (e.g. 10 free alarms, 5 GB free logs) to avoid fictitious double-counting across projects sharing an AWS account.
A17: 5. Pure Infrastructure Consumption: Excluding end-user Cognito identity fees, pure cloud infrastructure consumption across all 4 projects combined is $6.96 at Tier 1, $45.55 at Tier 2, and $421.99/mo at Tier 3.

Sheet Project 1 - CloudGuard
A1: Project 1: AWS Cloud Security Analyzer / Employee Document Vault
A2: Detailed 3-Tier Scaling Model | Stack: employee-document-vault-dev
A4: Workload Scaling Definitions
A5: Tier | B5: Description | C5: Monthly Operational Volume Unit | D5: Assumed Scaling Variable
A6: Tier 1: Dev / Low | B6: Small internal proof-of-concept | C6: 10 employees | 100 uploads/mo | D6: 1,000 API calls | 0.1 GB S3 storage
A7: Tier 2: Moderate / Team | B7: Medium business internal department | C7: 500 employees | 2,500 uploads/mo | D7: 50,000 API calls | 20 GB S3 storage
A8: Tier 3: Higher Scale | B8: Enterprise-wide document management | C8: 10,000 employees | 50,000 uploads/mo | D8: 1,000,000 API calls | 500 GB S3 storage
A10: Detailed Service-by-Service Monthly Cost Calculation (ap-south-1 & Global)
A11: AWS Service | B11: Resource / Purpose | C11: Pricing Unit & Scope | D11: Pricing Source Link | E11: Tier 1 ($/mo) | F11: Tier 2 ($/mo) | G11: Tier 3 ($/mo) | H11: Calculation Formula / Notes
A12: Amazon API Gateway | B12: Regional REST API (docvault-api) | C12: $3.50 per 1M requests [Regional] | D12: ='Pricing Sources'!C5 | E12: =(1000/1000000)*'Pricing Sources'!E5 | F12: =(50000/1000000)*'Pricing Sources'!E5 | G12: =(1000000/1000000)*'Pricing Sources'!E5 | H12: 1,000 -> 50,000 -> 1,000,000 calls
A13: AWS Lambda | B13: 7 Microservices (Upload, Download, etc.) | C13: $0.20/1M req + $0.00001667/GB-s [Mixed] | D13: ='Pricing Sources'!C7 | E13: =((1000/1000000)*'Pricing Sources'!E7)+(50*'Pricing Sources'!E8) | F13: =((50000/1000000)*'Pricing Sources'!E7)+(2500*'Pricing Sources'!E8) | G13: =((1000000/1000000)*'Pricing Sources'!E7)+(50000*'Pricing Sources'!E8) | H13: Avg 200ms @ 256MB = 0.05 GB-s per call
A14: Amazon S3 | B14: DocumentsBucket (SSE-KMS, Versioned) | C14: $0.023/GB + $0.005/1K PUT + $0.0004/1K GET [Regional] | D14: ='Pricing Sources'!C11 | E14: =(0.1*'Pricing Sources'!E11)+(0.1*'Pricing Sources'!E12)+(0.2*'Pricing Sources'!E13) | F14: =(20*'Pricing Sources'!E11)+(2.5*'Pricing Sources'!E12)+(7.5*'Pricing Sources'!E13) | G14: =(500*'Pricing Sources'!E11)+(50*'Pricing Sources'!E12)+(150*'Pricing Sources'!E13) | H14: Avg 2 MB/doc; 0.1 GB -> 20 GB -> 500 GB
A15: Amazon DynamoDB | B15: Documents, Employees, AuditLog Tables | C15: On-Demand: $0.625/M WRU + $0.125/M RRU [Regional] | D15: ='Pricing Sources'!C9 | E15: =(0.0001*'Pricing Sources'!E9)+(0.001*'Pricing Sources'!E10) | F15: =(0.005*'Pricing Sources'!E9)+(0.045*'Pricing Sources'!E10) | G15: =(0.1*'Pricing Sources'!E9)+(0.9*'Pricing Sources'!E10) | H15: 100 WRU / 1K RRU -> 5K WRU / 45K RRU -> 100K WRU / 900K RRU
A16: AWS KMS | B16: DocVaultKmsKey (Customer Managed Key) | C16: $1.00/mo CMK + $0.03/10K requests [Global] | D16: ='Pricing Sources'!C15 | E16: ='Pricing Sources'!E15+(300/10000*'Pricing Sources'!E16) | F16: ='Pricing Sources'!E15+(10000/10000*'Pricing Sources'!E16) | G16: ='Pricing Sources'!E15+(200000/10000*'Pricing Sources'!E16) | H16: 1 Dedicated CMK ($1.00 fixed) + cryptographic enc/dec operations
A17: Amazon Cognito | B17: DocVault User Pool (Employee Auth) | C17: Lite Tier: Free <= 50,000 MAUs; $0.0055 thereafter [Account] | D17: ='Pricing Sources'!C17 | E17: =0 | F17: =0 | G17: =0 | H17: 10 -> 500 -> 10,000 MAUs (all within 50,000 Free Tier)
A18: Amazon CloudWatch | B18: Log Groups & 5 Metric Alarms | C18: $0.50/GB logs [Regional] + $0.10/alarm [Regional] | D18: ='Pricing Sources'!C20 | E18: =(1*'Pricing Sources'!E20)+(5*'Pricing Sources'!E21) | F18: =(5*'Pricing Sources'!E20)+(5*'Pricing Sources'!E21) | G18: =(50*'Pricing Sources'!E20)+(5*'Pricing Sources'!E21) | H18: 1 GB -> 5 GB -> 50 GB log ingestion; 5 standard alarms ($0.50 fixed)
A19: Total Estimated Monthly Cost (Gross List-Price) | B19: Sum of all billable components before free-tier credits | E19: =SUM(E12:E18) | F19: =SUM(F12:F18) | G19: =SUM(G12:G18)

Sheet Project 2 - VEYRA
A1: Project 2: Smart Employee Onboarding & Identity Service (VEYRA)
A2: Detailed 3-Tier Scaling Model | Stack: onboarding-service-dev
A4: Workload Scaling Definitions
A5: Tier | B5: Description | C5: Monthly Operational Volume Unit | D5: Assumed Scaling Variable
A6: Tier 1: Dev / Low | B6: Small organization / internal trial | C6: 10 hires/day = 300 hires/mo | D6: 4,200 API calls | 3,000 Step Fn transitions
A7: Tier 2: Moderate / Team | B7: Growing mid-market business | C7: 500 hires/day = 15,000 hires/mo | D7: 210,000 API calls | 150,000 Step Fn transitions
A8: Tier 3: Higher Scale | B8: Large enterprise hiring surges | C8: 5,000 hires/day = 150,000 hires/mo | D8: 2,100,000 API calls | 1,500,000 Step Fn transitions
A10: Detailed Service-by-Service Monthly Cost Calculation (ap-south-1 & Global)
A11: AWS Service | B11: Resource / Purpose | C11: Pricing Unit & Scope | D11: Pricing Source Link | E11: Tier 1 ($/mo) | F11: Tier 2 ($/mo) | G11: Tier 3 ($/mo) | H11: Calculation Formula / Notes
A12: Amazon API Gateway | B12: Regional REST API (onboarding-api) | C12: $3.50 per 1M requests [Regional] | D12: ='Pricing Sources'!C5 | E12: =(4200/1000000)*'Pricing Sources'!E5 | F12: =(210000/1000000)*'Pricing Sources'!E5 | G12: =(2100000/1000000)*'Pricing Sources'!E5 | H12: 14 requests per new hire (profile, upload URLs, status checks)
A13: AWS Lambda | B13: 13 Functions (256 MB, avg 300ms) | C13: $0.20/1M req + $0.00001667/GB-s [Mixed] | D13: ='Pricing Sources'!C7 | E13: =((7830/1000000)*'Pricing Sources'!E7)+(587.25*'Pricing Sources'!E8) | F13: =((390030/1000000)*'Pricing Sources'!E7)+(29252.25*'Pricing Sources'!E8) | G13: =((3900030/1000000)*'Pricing Sources'!E7)+(292502.25*'Pricing Sources'!E8) | H13: 26 invocations/hire (stages, polling, validation, reminder cron)
A14: AWS Step Functions | B14: OnboardingStateMachine (Standard) | C14: $0.025 per 1,000 transitions [Global] | D14: ='Pricing Sources'!C14 | E14: =(3000/1000)*'Pricing Sources'!E14 | F14: =(150000/1000)*'Pricing Sources'!E14 | G14: =(1500000/1000)*'Pricing Sources'!E14 | H14: 10 transitions per workflow (4 stages + polling loops)
A15: Amazon DynamoDB | B15: EmployeeProfileTable (On-Demand + PITR) | C15: $0.625/M WRU + $0.125/M RRU + $0.20/GB PITR [Regional] | D15: ='Pricing Sources'!C9 | E15: =(0.0027*'Pricing Sources'!E9)+(0.009*'Pricing Sources'!E10) | F15: =(0.135*'Pricing Sources'!E9)+(0.45*'Pricing Sources'!E10)+(2.5*0.20) | G15: =(1.35*'Pricing Sources'!E9)+(4.5*'Pricing Sources'!E10)+(25*0.20) | H15: 9 WRU, 30 RRU per hire; PITR backup storage at scale
A16: Amazon S3 | B16: Onboarding Documents Bucket | C16: $0.023/GB + $0.005/1K PUT + $0.0004/1K GET [Regional] | D16: ='Pricing Sources'!C11 | E16: =(1.8*'Pricing Sources'!E11)+(0.9*'Pricing Sources'!E12)+(1.8*'Pricing Sources'!E13) | F16: =(90*'Pricing Sources'!E11)+(45*'Pricing Sources'!E12)+(90*'Pricing Sources'!E13) | G16: =(900*'Pricing Sources'!E11)+(450*'Pricing Sources'!E12)+(900*'Pricing Sources'!E13) | H16: 3 docs @ 2MB = 6MB/hire; 1.8 GB -> 90 GB -> 900 GB
A17: Amazon SES | B17: Welcome & Reminder Emails | C17: $0.10 per 1,000 outbound emails [Global] | D17: ='Pricing Sources'!C19 | E17: =(1.2*'Pricing Sources'!E19) | F17: =(60*'Pricing Sources'!E19) | G17: =(600*'Pricing Sources'!E19) | H17: 4 emails per hire (welcome, reminders, confirmation)
A18: Amazon SNS | B18: Onboarding Notifications Topic | C18: $0.50 per 1M publishes [Global] | D18: ='Pricing Sources'!C22 | E18: =(300/1000000)*'Pricing Sources'!E22 | F18: =(15000/1000000)*'Pricing Sources'!E22 | G18: =(150000/1000000)*'Pricing Sources'!E22 | H18: 1 completion notification per employee
A19: Amazon Cognito | B19: Onboarding User Pool (Current Deployed: Essentials) | C19: Essentials Tier: $0.015/MAU after 10k free [Account] | D19: ='Pricing Sources'!C18 | E19: =0 | F19: =((15000-10000)*'Pricing Sources'!E18) | G19: =((150000-10000)*'Pricing Sources'!E18) | H19: Project 2 currently uses Cognito ESSENTIALS. Live deployed tier in AWS (describe-user-pool: ESSENTIALS).
A20: Amazon CloudWatch | B20: Log Groups & 6 Metric Alarms | C20: $0.50/GB logs [Regional] + $0.10/alarm [Regional] | D20: ='Pricing Sources'!C20 | E20: =(2*'Pricing Sources'!E20)+(6*'Pricing Sources'!E21) | F20: =(20*'Pricing Sources'!E20)+(6*'Pricing Sources'!E21) | G20: =(150*'Pricing Sources'!E20)+(6*'Pricing Sources'!E21) | H20: 2 GB -> 20 GB -> 150 GB log ingestion; 6 alarms ($0.60 fixed)
A21: Total Estimated Monthly Cost (Current Deployed Baseline — Cognito Essentials) | B21: Sum of all billable components before free-tier credits | E21: =SUM(E12:E20) | F21: =SUM(F12:F20) | G21: =SUM(G12:G20)
A23: Cost-Optimized Alternative Scenario — Cognito Lite Tier
A24: AWS Service | B24: Resource / Purpose | C24: Pricing Unit & Scope | D24: Pricing Source Link | E24: Tier 1 ($/mo) | F24: Tier 2 ($/mo) | G24: Tier 3 ($/mo) | H24: Calculation Formula / Notes
A25: Amazon Cognito (Cost-Optimized Alternative — Cognito Lite) | B25: Onboarding User Pool (Lite Optimization) | C25: Lite Tier: $0.0055/MAU after 50k grandfathered free [Account] | D25: ='Pricing Sources'!C17 | E25: =0 | F25: =0 | G25: =((150000-50000)*'Pricing Sources'!E17) | H25: Project 2 currently uses Cognito ESSENTIALS. The LITE figures are an architectural cost-optimization scenario, not the current deployed configuration.
A26: Total Estimated Monthly Cost (Cost-Optimized Alternative — Cognito Lite) | B26: Reflects Project 2 overall cost under Lite optimization scenario | E26: =E21 | F26: =F21-F19+F25 | G26: =G21-G19+G25

Sheet Project 3 - Smart Leave
A1: Project 3: Smart Leave & Absence Management Engine
A2: Detailed 3-Tier Scaling Model | Stack: smart-leave-management-dev
A4: Workload Scaling Definitions
A5: Tier | B5: Description | C5: Monthly Operational Volume Unit | D5: Assumed Scaling Variable
A6: Tier 1: Dev / Low | B6: Small team office testing | C6: 50 employees | 100 leave requests/mo | D6: 2,000 HTTP API calls | 500 Step Fn transitions
A7: Tier 2: Moderate / Team | B7: Mid-sized company HR operations | C7: 1,000 employees | 3,000 leave requests/mo | D7: 60,000 HTTP API calls | 15,000 Step Fn transitions
A8: Tier 3: Higher Scale | B8: Multi-branch enterprise absence system | C8: 25,000 employees | 75,000 leave requests/mo | D8: 1,500,000 HTTP API calls | 375,000 Step Fn transitions
A10: Detailed Service-by-Service Monthly Cost Calculation (ap-south-1 & Global)
A11: AWS Service | B11: Resource / Purpose | C11: Pricing Unit & Scope | D11: Pricing Source Link | E11: Tier 1 ($/mo) | F11: Tier 2 ($/mo) | G11: Tier 3 ($/mo) | H11: Calculation Formula / Notes
A12: Amazon API Gateway | B12: HTTP API (LeaveHttpApi) | C12: $1.00 per 1M requests [Regional] | D12: ='Pricing Sources'!C6 | E12: =(2000/1000000)*'Pricing Sources'!E6 | F12: =(60000/1000000)*'Pricing Sources'!E6 | G12: =(1500000/1000000)*'Pricing Sources'!E6 | H12: Low cost HTTP API ($1/M) vs REST ($3.50/M)
A13: AWS Lambda | B13: 12 Functions (Node.js 22.x, 256MB) | C13: $0.20/1M req + $0.00001667/GB-s [Mixed] | D13: ='Pricing Sources'!C7 | E13: =((2500/1000000)*'Pricing Sources'!E7)+(93.75*'Pricing Sources'!E8) | F13: =((75000/1000000)*'Pricing Sources'!E7)+(2812.5*'Pricing Sources'!E8) | G13: =((1875000/1000000)*'Pricing Sources'!E7)+(70312.5*'Pricing Sources'!E8) | H13: Avg 150ms @ 256MB = 0.0375 GB-s per execution
A14: AWS Step Functions | B14: LeaveApprovalStateMachine (Standard) | C14: $0.025 per 1,000 transitions [Global] | D14: ='Pricing Sources'!C14 | E14: =(500/1000)*'Pricing Sources'!E14 | F14: =(15000/1000)*'Pricing Sources'!E14 | G14: =(375000/1000)*'Pricing Sources'!E14 | H14: 5 transitions per approval workflow
A15: AWS Secrets Manager | B15: ApprovalSecret (HMAC token signing) | C15: $0.40/secret/mo + $0.05/10K calls [Global] | D15: ='Pricing Sources'!C23 | E15: ='Pricing Sources'!E23+(200/10000*'Pricing Sources'!E24) | F15: ='Pricing Sources'!E23+(6000/10000*'Pricing Sources'!E24) | G15: ='Pricing Sources'!E23+(150000/10000*'Pricing Sources'!E24) | H15: 1 Dedicated Secret ($0.40 fixed) + token validation calls
A16: Amazon DynamoDB | B16: Requests, Balances, Config Tables | C16: On-Demand: $0.625/M WRU + $0.125/M RRU [Regional] | D16: ='Pricing Sources'!C9 | E16: =(0.0005*'Pricing Sources'!E9)+(0.004*'Pricing Sources'!E10) | F16: =(0.015*'Pricing Sources'!E9)+(0.12*'Pricing Sources'!E10) | G16: =(0.375*'Pricing Sources'!E9)+(3.0*'Pricing Sources'!E10) | H16: Ledger updates, quota checks, GSI queries
A17: Amazon SES | B17: Manager / HR Notification Emails | C17: $0.10 per 1,000 outbound emails [Global] | D17: ='Pricing Sources'!C19 | E17: =(0.3*'Pricing Sources'!E19) | F17: =(9*'Pricing Sources'!E19) | G17: =(225*'Pricing Sources'!E19) | H17: 3 emails per request (manager review, decision, status)
A18: Amazon SNS | B18: Manager Notifications Topic | C18: $0.50 per 1M publishes [Global] | D18: ='Pricing Sources'!C22 | E18: =(100/1000000)*'Pricing Sources'!E22 | F18: =(3000/1000000)*'Pricing Sources'!E22 | G18: =(75000/1000000)*'Pricing Sources'!E22 | H18: Manager urgent approval push notifications
A19: Amazon Cognito | B19: Leave User Pool | C19: Lite Tier: Free <= 50,000 MAUs; $0.0055 thereafter [Account] | D19: ='Pricing Sources'!C17 | E19: =0 | F19: =0 | G19: =0 | H19: 50 -> 1,000 -> 25,000 MAUs (all within Free Tier)
A20: Amazon CloudWatch | B20: Log Groups & 4 Metric Alarms | C20: $0.50/GB logs [Regional] + $0.10/alarm [Regional] | D20: ='Pricing Sources'!C20 | E20: =(1*'Pricing Sources'!E20)+(4*'Pricing Sources'!E21) | F20: =(8*'Pricing Sources'!E20)+(4*'Pricing Sources'!E21) | G20: =(60*'Pricing Sources'!E20)+(4*'Pricing Sources'!E21) | H20: 1 GB -> 8 GB -> 60 GB log ingestion; 4 alarms ($0.40 fixed)
A21: Total Estimated Monthly Cost (Gross List-Price) | B21: Sum of all billable components before free-tier credits | E21: =SUM(E12:E20) | F21: =SUM(F12:F20) | G21: =SUM(G12:G20)

Sheet Project 4 - Resume Screener
A1: Project 4: AI-Powered Resume Screener Pipeline
A2: Detailed 3-Tier Scaling Model | Stack: resume-screener-dev
A4: Workload Scaling Definitions
A5: Tier | B5: Description | C5: Monthly Operational Volume Unit | D5: Assumed Scaling Variable
A6: Tier 1: Dev / Low | B6: Single recruiter POC / boutique firm | C6: 5 jobs | 100 resumes/mo | D6: 2,000 API calls | 100 OCR & NLP container runs
A7: Tier 2: Moderate / Team | B7: Active technical talent acquisition | C7: 100 jobs | 5,000 resumes/mo | D7: 75,000 API calls | 5,000 OCR & NLP container runs
A8: Tier 3: Higher Scale | B8: High-volume recruitment / staffing | C8: 2,500 jobs | 100,000 resumes/mo | D8: 1,500,000 API calls | 100,000 OCR & NLP container runs
A10: Detailed Service-by-Service Monthly Cost Calculation (ap-south-1 & Global)
A11: AWS Service | B11: Resource / Purpose | C11: Pricing Unit & Scope | D11: Pricing Source Link | E11: Tier 1 ($/mo) | F11: Tier 2 ($/mo) | G11: Tier 3 ($/mo) | H11: Calculation Formula / Notes
A12: Amazon API Gateway | B12: Regional REST API (rs-api-dev, EDGE) | C12: $3.50 per 1M requests [Regional] | D12: ='Pricing Sources'!C5 | E12: =(2000/1000000)*'Pricing Sources'!E5 | F12: =(75000/1000000)*'Pricing Sources'!E5 | G12: =(1500000/1000000)*'Pricing Sources'!E5 | H12: 10 Recruiter REST Endpoints + CORS options
A13: AWS Lambda: Ingestion & NLP | B13: Extraction & NLP (1536MB Container) | C13: $0.20/1M req + $0.00001667/GB-s [Mixed] | D13: ='Pricing Sources'!C7 | E13: =((210/1000000)*'Pricing Sources'!E7)+(677.25*'Pricing Sources'!E8) | F13: =((10200/1000000)*'Pricing Sources'!E7)+(32895*'Pricing Sources'!E8) | G13: =((205000/1000000)*'Pricing Sources'!E7)+(661125*'Pricing Sources'!E8) | H13: OCR (2.5s) + spaCy NLP (1.8s) @ 1.5 GB memory
A14: AWS Lambda: API & Scoring | B14: Scoring, Decision, APIs (256MB Zip) | C14: $0.20/1M req + $0.00001667/GB-s [Mixed] | D14: ='Pricing Sources'!C7 | E14: =((2100/1000000)*'Pricing Sources'!E7)+(80*'Pricing Sources'!E8) | F14: =((80000/1000000)*'Pricing Sources'!E7)+(3062.5*'Pricing Sources'!E8) | G14: =((1600000/1000000)*'Pricing Sources'!E7)+(61250*'Pricing Sources'!E8) | H14: TF-IDF Scoring (0.2s) + REST APIs (0.15s) @ 256 MB
A15: Amazon SQS | B15: Ingestion & Scoring Queues + DLQs | C15: $0.40 per 1M requests [Global] | D15: ='Pricing Sources'!C25 | E15: =(300/1000000)*'Pricing Sources'!E25 | F15: =(15000/1000000)*'Pricing Sources'!E25 | G15: =(300000/1000000)*'Pricing Sources'!E25 | H15: Asynchronous decoupling across pipeline stages
A16: Amazon S3 | B16: UploadBucket & WebBucket (Versioning) | C16: $0.023/GB + $0.005/1K PUT + $0.0004/1K GET [Regional] | D16: ='Pricing Sources'!C11 | E16: =(0.1*'Pricing Sources'!E11)+(0.2*'Pricing Sources'!E12)+(0.3*'Pricing Sources'!E13) | F16: =(5.1*'Pricing Sources'!E11)+(6*'Pricing Sources'!E12)+(15*'Pricing Sources'!E13) | G16: =(102.5*'Pricing Sources'!E11)+(120*'Pricing Sources'!E12)+(300*'Pricing Sources'!E13) | H16: Avg 1 MB/resume; 0.1 GB -> 5.1 GB -> 102.5 GB stored
A17: Amazon DynamoDB | B17: Jobs, Candidates, FailedJobs, Config (PITR) | C17: $0.625/M WRU + $0.125/M RRU + $0.20/GB PITR [Regional] | D17: ='Pricing Sources'!C9 | E17: =(0.0005*'Pricing Sources'!E9)+(0.004*'Pricing Sources'!E10) | F17: =(0.025*'Pricing Sources'!E9)+(0.20*'Pricing Sources'!E10)+(2*0.20) | G17: =(0.50*'Pricing Sources'!E9)+(4.0*'Pricing Sources'!E10)+(40*0.20) | H17: Stage updates + PITR continuous protection
A18: Amazon CloudFront | B18: WebDistribution (SPA Dashboard) | C18: 1TB/mo free; $0.085/GB + $0.01/10K reqs [Regional] | D18: ='Pricing Sources'!C26 | E18: =0 | F18: =0 | G18: =0 | H18: 0.5 GB -> 15 GB -> 250 GB egress (all <= 1 TB Free Tier)
A19: Amazon SES | B19: Candidate Decision Emails | C19: $0.10 per 1,000 outbound emails [Global] | D19: ='Pricing Sources'!C19 | E19: =(0.05*'Pricing Sources'!E19) | F19: =(2.5*'Pricing Sources'!E19) | G19: =(50*'Pricing Sources'!E19) | H19: Candidate shortlist/rejection notifications
A20: Amazon Cognito | B20: Recruiter User Pool | C20: Lite Tier: Free <= 50,000 MAUs; $0.0055 thereafter [Account] | D20: ='Pricing Sources'!C17 | E20: =0 | F20: =0 | G20: =0 | H20: 5 -> 25 -> 250 Recruiter MAUs (all within Free Tier)
A21: Amazon CloudWatch | B21: Log Groups & 7 Metric Alarms | C21: $0.50/GB logs [Regional] + $0.10/alarm [Regional] | D21: ='Pricing Sources'!C20 | E21: =(2*'Pricing Sources'!E20)+(7*'Pricing Sources'!E21) | F21: =(15*'Pricing Sources'!E20)+(7*'Pricing Sources'!E21) | G21: =(120*'Pricing Sources'!E20)+(7*'Pricing Sources'!E21) | H21: 2 GB -> 15 GB -> 120 GB log ingestion; 7 alarms ($0.70 fixed)
A22: Total Estimated Monthly Cost (Gross List-Price) | B22: Sum of all billable components before free-tier credits | E22: =SUM(E12:E21) | F22: =SUM(F12:F21) | G22: =SUM(G12:G21)

Sheet Pricing Sources
A1: AWS Public Pricing Master Sheet — Verified Rates (ap-south-1 & Global)
A2: All prices verified against official AWS documentation & AWS Pricing Calculator (Checked October 2026)
A4: Service | B4: Component / Description | C4: Pricing Dimension | D4: Pricing Scope / Basis | E4: Unit Price (USD) | F4: Free Tier Allowance | G4: Official Documentation Reference | H4: Date Checked
A5: API Gateway | B5: Regional REST API | C5: Price per 1,000,000 requests | D5: Regional (ap-south-1) | E5: 3.5 | F5: 1M req/mo (12 mo) | G5: https://aws.amazon.com/api-gateway/pricing/ | H5: 2026-10-04
A6: API Gateway | B6: HTTP API | C6: Price per 1,000,000 requests | D6: Regional (ap-south-1) | E6: 1 | F6: 1M req/mo (12 mo) | G6: https://aws.amazon.com/api-gateway/pricing/ | H6: 2026-10-04
A7: AWS Lambda | B7: Function Invocations | C7: Price per 1,000,000 invocations | D7: Global | E7: 0.2 | F7: 1M req/mo (Always) | G7: https://aws.amazon.com/lambda/pricing/ | H7: 2026-10-04
A8: AWS Lambda | B8: x86 Compute Duration | C8: Price per GB-second | D8: Regional (ap-south-1) | E8: 1.66667e-05 | F8: 400,000 GB-s/mo (Always) | G8: https://aws.amazon.com/lambda/pricing/ | H8: 2026-10-04
A9: DynamoDB | B9: On-Demand Write (WRU) | C9: Price per 1,000,000 WRU | D9: Regional (ap-south-1) | E9: 0.625 | F9: None for on-demand | G9: https://aws.amazon.com/dynamodb/pricing/on-demand/ | H9: 2026-10-04
A10: DynamoDB | B10: On-Demand Read (RRU) | C10: Price per 1,000,000 RRU | D10: Regional (ap-south-1) | E10: 0.125 | F10: None for on-demand | G10: https://aws.amazon.com/dynamodb/pricing/on-demand/ | H10: 2026-10-04
A11: Amazon S3 | B11: S3 Standard Storage | C11: Price per GB-month | D11: Regional (ap-south-1) | E11: 0.023 | F11: 5 GB Standard (12 mo) | G11: https://aws.amazon.com/s3/pricing/ | H11: 2026-10-04
A12: Amazon S3 | B12: PUT, COPY, POST Requests | C12: Price per 1,000 requests | D12: Regional (ap-south-1) | E12: 0.005 | F12: 2,000 PUTs (12 mo) | G12: https://aws.amazon.com/s3/pricing/ | H12: 2026-10-04
A13: Amazon S3 | B13: GET, HEAD, SELECT Requests | C13: Price per 1,000 requests | D13: Regional (ap-south-1) | E13: 0.0004 | F13: 20,000 GETs (12 mo) | G13: https://aws.amazon.com/s3/pricing/ | H13: 2026-10-04
A14: Step Functions | B14: Standard State Transitions | C14: Price per 1,000 transitions | D14: Global | E14: 0.025 | F14: 4,000 transitions (Always) | G14: https://aws.amazon.com/step-functions/pricing/ | H14: 2026-10-04
A15: AWS KMS | B15: Customer Managed Key (CMK) | C15: Price per key per month | D15: Global | E15: 1 | F15: None for CMK | G15: https://aws.amazon.com/kms/pricing/ | H15: 2026-10-04
A16: AWS KMS | B16: Cryptographic API Requests | C16: Price per 10,000 requests | D16: Global | E16: 0.03 | F16: 20,000 requests/mo (Always) | G16: https://aws.amazon.com/kms/pricing/ | H16: 2026-10-04
... A26: CloudFront | B26: Data Transfer Out (Internet) | C26: Price per GB (after 1 TB free) | D26: Regional / Usage-dependent | E26: 0.085 | F26: 1 TB / month (Always) | G26: https://aws.amazon.com/cloudfront/pricing/ | H26: 2026-10-04

Sheet Assumptions
A1: Workload Modeling Assumptions & Methodology
A2: Standardized Parameters for 3-Tier Scaling Analysis across All 4 Projects
A4: Category | B4: Assumption Parameter | C4: Standard Applied | D4: Engineering Justification / Evidence
A5: Time Normalization | B5: Operating Month Duration | C5: 30 Days (720 Hours) | D5: Industry standard monthly normalization for continuous cloud service billing.
A6: Regional vs Global | B6: Pricing Geography Applicability | C6: Regional (ap-south-1) & Global Explicitly Labeled | D6: Regional rates applied for API Gateway, S3, DynamoDB, CloudWatch Logs, Lambda compute; Global rates for KMS, Secrets Manager, SQS, SNS, SES, Step Functions.
A7: Free Tier Policy | B7: Gross List-Price Baseline | C7: Gross list-price before account-level free-tier allowances | D7: Estimates represent standalone list costs. Account-level allowances (e.g. 10 free alarms, 5 GB free logs) are not double-counted across projects sharing an account.
A8: Cognito Deployed Baseline | B8: Current Deployed Baseline — Cognito Essentials | C8: Essentials Tier ($0.015/MAU after 10,000 free MAUs) | D8: Project 2 live user pool actively runs on ESSENTIALS (verified via describe-user-pool: ap-south-1_LDOpZYY1U). Tier 2 adds $75.00/mo (Total $99.63); Tier 3 adds $2,100.00/mo (Total $2,315.90).
A9: Cognito Optimization Scenario | B9: Cost-Optimized Alternative — Cognito Lite | C9: Lite Tier ($0.0055/MAU after 50,000 grandfathered free MAUs) | D9: Project 2 currently uses Cognito ESSENTIALS. The LITE figures are an architectural cost-optimization scenario, not the current deployed configuration. Under Lite, Tier 2 is $24.63 and Tier 3 is $765.90.
A10: Lambda Execution | B10: Memory Allocation & Duration | C10: Exact template configurations | D10: Project 1: 256MB / 200ms; Project 2: 256MB / 300ms; Project 3: 256MB / 150ms; Project 4: 1536MB / 2.5s (Extraction) & 1.8s (NLP), 256MB / 200ms (Scoring).
A11: S3 Object Sizes | B11: Document & Resume Payloads | C11: 1.0 MB - 2.0 MB / document | D11: Based on real-world employee PDF vaults, onboarding identity records, and candidate resume submissions.
A12: DynamoDB Capacity | B12: Billing Mode | C12: PAY_PER_REQUEST (On-Demand) | D12: All tables in all 4 projects are configured with On-Demand billing to avoid idle provisioned capacity costs.
A13: Step Functions | B13: Workflow Type | C13: Standard Workflows | D13: State machines use callback tokens and multi-day SLA timers, necessitating Standard (not Express) state machines.
A14: API Gateway | B14: API Architecture | C14: Project 3: HTTP API; Projects 1, 2, 4: REST API | D14: Directly mirrors deployed CloudFormation resource types (AWS::Serverless::HttpApi vs AWS::Serverless::Api).
A15: Security Baseline | B15: Encryption & Key Management | C15: Dedicated KMS CMK & Secrets Manager | D15: Project 1 utilizes an independent Customer Managed Key ($1/mo); Project 3 utilizes an explicit HMAC signing secret ($0.40/mo).
A16: Monitoring & Alarms | B16: Observability Cost | C16: $0.50/GB log ingestion + $0.10/alarm | D16: Standard CloudWatch pricing with log groups retained at 14 to 30 days.
